"organization_name","site_name","date","dow","fiscal week #","fiscal month","fiscal year","traffic","currency","comp"
"Alta Plaza Mall, Panama","Alta Plaza Mall","01/01/2021","Vie","1","Jan","2021","227","NONE","Comp"
"Alta Plaza Mall, Panama","Alta Plaza Mall","02/01/2021","Sáb","1","Jan","2021","298","NONE","Comp"
"Alta Plaza Mall, Panama","Alta Plaza Mall","03/01/2021","Dom","2","Jan","2021","331","NONE","Comp"
"Alta Plaza Mall, Panama","Alta Plaza Mall","04/01/2021","Lun","2","Jan","2021","3338","NONE","Comp"
"Alta Plaza Mall, Panama","Alta Plaza Mall","05/01/2021","Mar","2","Jan","2021","3192","NONE","Comp"
"Alta Plaza Mall, Panama","Alta Plaza Mall","06/01/2021","Mie","2","Jan","2021","3298","NONE","Comp"
"Alta Plaza Mall, Panama","Alta Plaza Mall","07/01/2021","Jue","2","Jan","2021","3066","NONE","Comp"
"Alta Plaza Mall, Panama","Alta Plaza Mall","08/01/2021","Vie","2","Jan","2021","3797","NONE","Comp"
"Alta Plaza Mall, Panama","Alta Plaza Mall","09/01/2021","Sáb","2","Jan","2021","235","NONE","Comp"
"Alta Plaza Mall, Panama","Alta Plaza Mall","10/01/2021","Dom","3","Jan","2021","255","NONE","Comp"
"Alta Plaza Mall, Panama","Alta Plaza Mall","11/01/2021","Lun","3","Jan","2021","2961","NONE","Comp"
"Alta Plaza Mall, Panama","Alta Plaza Mall","12/01/2021","Mar","3","Jan","2021","3293","NONE","Comp"
"Alta Plaza Mall, Panama","Alta Plaza Mall","13/01/2021","Mie","3","Jan","2021","2942","NONE","Comp"
"Alta Plaza Mall, Panama","Alta Plaza Mall","14/01/2021","Jue","3","Jan","2021","3725","NONE","Comp"
"Alta Plaza Mall, Panama","Alta Plaza Mall","15/01/2021","Vie","3","Jan","2021","4676","NONE","Comp"
"Alta Plaza Mall, Panama","Alta Plaza Mall","16/01/2021","Sáb","3","Jan","2021","633","NONE","Comp"
"Alta Plaza Mall, Panama","Alta Plaza Mall","17/01/2021","Dom","4","Jan","2021","293","NONE","Comp"
"Alta Plaza Mall, Panama","Alta Plaza Mall","18/01/2021","Lun","4","Jan","2021","3853","NONE","Comp"
"Alta Plaza Mall, Panama","Alta Plaza Mall","19/01/2021","Mar","4","Jan","2021","3795","NONE","Comp"
"Alta Plaza Mall, Panama","Alta Plaza Mall","20/01/2021","Mie","4","Jan","2021","3273","NONE","Comp"
"Alta Plaza Mall, Panama","Alta Plaza Mall","21/01/2021","Jue","4","Jan","2021","3165","NONE","Comp"
"Alta Plaza Mall, Panama","Alta Plaza Mall","22/01/2021","Vie","4","Jan","2021","4347","NONE","Comp"
"Alta Plaza Mall, Panama","Alta Plaza Mall","23/01/2021","Sáb","4","Jan","2021","229","NONE","Comp"
"Alta Plaza Mall, Panama","Alta Plaza Mall","24/01/2021","Dom","5","Jan","2021","286","NONE","Comp"
"Alta Plaza Mall, Panama","Alta Plaza Mall","25/01/2021","Lun","5","Jan","2021","3877","NONE","Comp"
"Alta Plaza Mall, Panama","Alta Plaza Mall","26/01/2021","Mar","5","Jan","2021","3654","NONE","Comp"
"Alta Plaza Mall, Panama","Alta Plaza Mall","27/01/2021","Mie","5","Jan","2021","3647","NONE","Comp"
"Alta Plaza Mall, Panama","Alta Plaza Mall","28/01/2021","Jue","5","Jan","2021","3524","NONE","Comp"
"Alta Plaza Mall, Panama","Alta Plaza Mall","29/01/2021","Vie","5","Jan","2021","5141","NONE","Comp"
"Alta Plaza Mall, Panama","Alta Plaza Mall","30/01/2021","Sáb","5","Jan","2021","318","NONE","Comp"
"Alta Plaza Mall, Panama","Alta Plaza Mall","31/01/2021","Dom","6","Jan","2021","302","NONE","Comp"
"Alta Plaza Mall, Panama","Alta Plaza Mall","01/02/2021","Lun","6","Feb","2021","6233","NONE","Comp"
"Alta Plaza Mall, Panama","Alta Plaza Mall","02/02/2021","Mar","6","Feb","2021","6242","NONE","Comp"
"Alta Plaza Mall, Panama","Alta Plaza Mall","03/02/2021","Mie","6","Feb","2021","6785","NONE","Comp"
"Alta Plaza Mall, Panama","Alta Plaza Mall","04/02/2021","Jue","6","Feb","2021","5707","NONE","Comp"
"Alta Plaza Mall, Panama","Alta Plaza Mall","05/02/2021","Vie","6","Feb","2021","7911","NONE","Comp"
"Alta Plaza Mall, Panama","Alta Plaza Mall","06/02/2021","Sáb","6","Feb","2021","310","NONE","Comp"
"Alta Plaza Mall, Panama","Alta Plaza Mall","07/02/2021","Dom","7","Feb","2021","390","NONE","Comp"
"Alta Plaza Mall, Panama","Alta Plaza Mall","08/02/2021","Lun","7","Feb","2021","8107","NONE","Comp"
"Alta Plaza Mall, Panama","Alta Plaza Mall","09/02/2021","Mar","7","Feb","2021","7217","NONE","Comp"
"Alta Plaza Mall, Panama","Alta Plaza Mall","10/02/2021","Mie","7","Feb","2021","7718","NONE","Comp"
"Alta Plaza Mall, Panama","Alta Plaza Mall","11/02/2021","Jue","7","Feb","2021","8860","NONE","Comp"
"Alta Plaza Mall, Panama","Alta Plaza Mall","12/02/2021","Vie","7","Feb","2021","10315","NONE","Comp"
"Alta Plaza Mall, Panama","Alta Plaza Mall","13/02/2021","Sáb","7","Feb","2021","243","NONE","Comp"
"Alta Plaza Mall, Panama","Alta Plaza Mall","14/02/2021","Dom","8","Feb","2021","395","NONE","Comp"
"Alta Plaza Mall, Panama","Alta Plaza Mall","15/02/2021","Lun","8","Feb","2021","9475","NONE","Comp"
"Alta Plaza Mall, Panama","Alta Plaza Mall","16/02/2021","Mar","8","Feb","2021","9205","NONE","Comp"
"Alta Plaza Mall, Panama","Alta Plaza Mall","17/02/2021","Mie","8","Feb","2021","7462","NONE","Comp"
"Alta Plaza Mall, Panama","Alta Plaza Mall","18/02/2021","Jue","8","Feb","2021","7982","NONE","Comp"
"Alta Plaza Mall, Panama","Alta Plaza Mall","19/02/2021","Vie","8","Feb","2021","9928","NONE","Comp"
"Alta Plaza Mall, Panama","Alta Plaza Mall","20/02/2021","Sáb","8","Feb","2021","383","NONE","Comp"
"Alta Plaza Mall, Panama","Alta Plaza Mall","21/02/2021","Dom","9","Feb","2021","278","NONE","Comp"
"Alta Plaza Mall, Panama","Alta Plaza Mall","22/02/2021","Lun","9","Feb","2021","8623","NONE","Comp"
"Alta Plaza Mall, Panama","Alta Plaza Mall","23/02/2021","Mar","9","Feb","2021","7939","NONE","Comp"
"Alta Plaza Mall, Panama","Alta Plaza Mall","24/02/2021","Mie","9","Feb","2021","7830","NONE","Comp"
"Alta Plaza Mall, Panama","Alta Plaza Mall","25/02/2021","Jue","9","Feb","2021","8434","NONE","Comp"
"Alta Plaza Mall, Panama","Alta Plaza Mall","26/02/2021","Vie","9","Feb","2021","10306","NONE","Comp"
"Alta Plaza Mall, Panama","Alta Plaza Mall","27/02/2021","Sáb","9","Feb","2021","377","NONE","Comp"
"Alta Plaza Mall, Panama","Alta Plaza Mall","28/02/2021","Dom","10","Feb","2021","422","NONE","Comp"
"Alta Plaza Mall, Panama","Alta Plaza Mall","01/03/2021","Lun","10","Mar","2021","7984","NONE","Comp"
"Alta Plaza Mall, Panama","Alta Plaza Mall","02/03/2021","Mar","10","Mar","2021","7670","NONE","Comp"
"Alta Plaza Mall, Panama","Alta Plaza Mall","03/03/2021","Mie","10","Mar","2021","7641","NONE","Comp"
"Alta Plaza Mall, Panama","Alta Plaza Mall","04/03/2021","Jue","10","Mar","2021","7289","NONE","Comp"
"Alta Plaza Mall, Panama","Alta Plaza Mall","05/03/2021","Vie","10","Mar","2021","8760","NONE","Comp"
"Alta Plaza Mall, Panama","Alta Plaza Mall","06/03/2021","Sáb","10","Mar","2021","11322","NONE","Comp"
"Alta Plaza Mall, Panama","Alta Plaza Mall","07/03/2021","Dom","11","Mar","2021","9368","NONE","Comp"
"Alta Plaza Mall, Panama","Alta Plaza Mall","08/03/2021","Lun","11","Mar","2021","5822","NONE","Comp"
"Alta Plaza Mall, Panama","Alta Plaza Mall","09/03/2021","Mar","11","Mar","2021","6589","NONE","Comp"
"Alta Plaza Mall, Panama","Alta Plaza Mall","10/03/2021","Mie","11","Mar","2021","6716","NONE","Comp"
"Alta Plaza Mall, Panama","Alta Plaza Mall","11/03/2021","Jue","11","Mar","2021","6622","NONE","Comp"
"Alta Plaza Mall, Panama","Alta Plaza Mall","12/03/2021","Vie","11","Mar","2021","7898","NONE","Comp"
"Alta Plaza Mall, Panama","Alta Plaza Mall","13/03/2021","Sáb","11","Mar","2021","11315","NONE","Comp"
"Alta Plaza Mall, Panama","Alta Plaza Mall","14/03/2021","Dom","12","Mar","2021","10275","NONE","Comp"
"Alta Plaza Mall, Panama","Alta Plaza Mall","15/03/2021","Lun","12","Mar","2021","6189","NONE","Comp"
"Alta Plaza Mall, Panama","Alta Plaza Mall","16/03/2021","Mar","12","Mar","2021","6412","NONE","Comp"
"Alta Plaza Mall, Panama","Alta Plaza Mall","17/03/2021","Mie","12","Mar","2021","6694","NONE","Comp"
"Alta Plaza Mall, Panama","Alta Plaza Mall","18/03/2021","Jue","12","Mar","2021","6577","NONE","Comp"
"Alta Plaza Mall, Panama","Alta Plaza Mall","19/03/2021","Vie","12","Mar","2021","7990","NONE","Comp"
"Alta Plaza Mall, Panama","Alta Plaza Mall","20/03/2021","Sáb","12","Mar","2021","10861","NONE","Comp"
"Alta Plaza Mall, Panama","Alta Plaza Mall","21/03/2021","Dom","13","Mar","2021","9302","NONE","Comp"
"Alta Plaza Mall, Panama","Alta Plaza Mall","22/03/2021","Lun","13","Mar","2021","5517","NONE","Comp"
"Alta Plaza Mall, Panama","Alta Plaza Mall","23/03/2021","Mar","13","Mar","2021","5871","NONE","Comp"
"Alta Plaza Mall, Panama","Alta Plaza Mall","24/03/2021","Mie","13","Mar","2021","6251","NONE","Comp"
"Alta Plaza Mall, Panama","Alta Plaza Mall","25/03/2021","Jue","13","Mar","2021","6318","NONE","Comp"
"Alta Plaza Mall, Panama","Alta Plaza Mall","26/03/2021","Vie","13","Mar","2021","7989","NONE","Comp"
"Alta Plaza Mall, Panama","Alta Plaza Mall","27/03/2021","Sáb","13","Mar","2021","11417","NONE","Comp"
"Alta Plaza Mall, Panama","Alta Plaza Mall","28/03/2021","Dom","14","Mar","2021","8891","NONE","Comp"
"Alta Plaza Mall, Panama","Alta Plaza Mall","29/03/2021","Lun","14","Mar","2021","6140","NONE","Comp"
"Alta Plaza Mall, Panama","Alta Plaza Mall","30/03/2021","Mar","14","Mar","2021","6984","NONE","Comp"
"Alta Plaza Mall, Panama","Alta Plaza Mall","31/03/2021","Mie","14","Mar","2021","7758","NONE","Comp"
"Alta Plaza Mall, Panama","Alta Plaza Mall","01/04/2021","Jue","14","Apr","2021","9332","NONE","Comp"
"Alta Plaza Mall, Panama","Alta Plaza Mall","02/04/2021","Vie","14","Apr","2021","2877","NONE","Comp"
"Alta Plaza Mall, Panama","Alta Plaza Mall","03/04/2021","Sáb","14","Apr","2021","9731","NONE","Comp"
"Alta Plaza Mall, Panama","Alta Plaza Mall","04/04/2021","Dom","15","Apr","2021","8764","NONE","Comp"
"Alta Plaza Mall, Panama","Alta Plaza Mall","05/04/2021","Lun","15","Apr","2021","5373","NONE","Comp"
"Alta Plaza Mall, Panama","Alta Plaza Mall","06/04/2021","Mar","15","Apr","2021","5803","NONE","Comp"
"Alta Plaza Mall, Panama","Alta Plaza Mall","07/04/2021","Mie","15","Apr","2021","5925","NONE","Comp"
"Alta Plaza Mall, Panama","Alta Plaza Mall","08/04/2021","Jue","15","Apr","2021","5960","NONE","Comp"
"Alta Plaza Mall, Panama","Alta Plaza Mall","09/04/2021","Vie","15","Apr","2021","7389","NONE","Comp"
"Alta Plaza Mall, Panama","Alta Plaza Mall","10/04/2021","Sáb","15","Apr","2021","11524","NONE","Comp"
"Alta Plaza Mall, Panama","Alta Plaza Mall","11/04/2021","Dom","16","Apr","2021","10342","NONE","Comp"
"Alta Plaza Mall, Panama","Alta Plaza Mall","12/04/2021","Lun","16","Apr","2021","5820","NONE","Comp"
"Alta Plaza Mall, Panama","Alta Plaza Mall","13/04/2021","Mar","16","Apr","2021","6110","NONE","Comp"
"Alta Plaza Mall, Panama","Alta Plaza Mall","14/04/2021","Mie","16","Apr","2021","6576","NONE","Comp"
"Alta Plaza Mall, Panama","Alta Plaza Mall","15/04/2021","Jue","16","Apr","2021","7369","NONE","Comp"
"Alta Plaza Mall, Panama","Alta Plaza Mall","16/04/2021","Vie","16","Apr","2021","9014","NONE","Comp"
"Alta Plaza Mall, Panama","Alta Plaza Mall","17/04/2021","Sáb","16","Apr","2021","14185","NONE","Comp"
"Alta Plaza Mall, Panama","Alta Plaza Mall","18/04/2021","Dom","17","Apr","2021","13359","NONE","Comp"
"Alta Plaza Mall, Panama","Alta Plaza Mall","19/04/2021","Lun","17","Apr","2021","6846","NONE","Comp"
"Alta Plaza Mall, Panama","Alta Plaza Mall","20/04/2021","Mar","17","Apr","2021","7246","NONE","Comp"
"Alta Plaza Mall, Panama","Alta Plaza Mall","21/04/2021","Mie","17","Apr","2021","7666","NONE","Comp"
"Alta Plaza Mall, Panama","Alta Plaza Mall","22/04/2021","Jue","17","Apr","2021","7615","NONE","Comp"
"Alta Plaza Mall, Panama","Alta Plaza Mall","23/04/2021","Vie","17","Apr","2021","9178","NONE","Comp"
"Alta Plaza Mall, Panama","Alta Plaza Mall","24/04/2021","Sáb","17","Apr","2021","13798","NONE","Comp"
"Alta Plaza Mall, Panama","Alta Plaza Mall","25/04/2021","Dom","18","Apr","2021","12373","NONE","Comp"
"Alta Plaza Mall, Panama","Alta Plaza Mall","26/04/2021","Lun","18","Apr","2021","7247","NONE","Comp"
"Alta Plaza Mall, Panama","Alta Plaza Mall","27/04/2021","Mar","18","Apr","2021","7401","NONE","Comp"
"Alta Plaza Mall, Panama","Alta Plaza Mall","28/04/2021","Mie","18","Apr","2021","7787","NONE","Comp"
"Alta Plaza Mall, Panama","Alta Plaza Mall","29/04/2021","Jue","18","Apr","2021","8734","NONE","Comp"
"Alta Plaza Mall, Panama","Alta Plaza Mall","30/04/2021","Vie","18","Apr","2021","10062","NONE","Comp"
"Alta Plaza Mall, Panama","Alta Plaza Mall","01/05/2021","Sáb","18","May","2021","15172","NONE","Comp"
"Alta Plaza Mall, Panama","Alta Plaza Mall","02/05/2021","Dom","19","May","2021","14005","NONE","Comp"
"Alta Plaza Mall, Panama","Alta Plaza Mall","03/05/2021","Lun","19","May","2021","6708","NONE","Comp"
"Alta Plaza Mall, Panama","Alta Plaza Mall","04/05/2021","Mar","19","May","2021","6979","NONE","Comp"
"Alta Plaza Mall, Panama","Alta Plaza Mall","05/05/2021","Mie","19","May","2021","7770","NONE","Comp"
"Alta Plaza Mall, Panama","Alta Plaza Mall","06/05/2021","Jue","19","May","2021","8065","NONE","Comp"
"Alta Plaza Mall, Panama","Alta Plaza Mall","07/05/2021","Vie","19","May","2021","8613","NONE","Comp"
"Alta Plaza Mall, Panama","Alta Plaza Mall","08/05/2021","Sáb","19","May","2021","14242","NONE","Comp"
"Alta Plaza Mall, Panama","Alta Plaza Mall","09/05/2021","Dom","20","May","2021","13227","NONE","Comp"
"Alta Plaza Mall, Panama","Alta Plaza Mall","10/05/2021","Lun","20","May","2021","6978","NONE","Comp"
"Alta Plaza Mall, Panama","Alta Plaza Mall","11/05/2021","Mar","20","May","2021","7251","NONE","Comp"
"Alta Plaza Mall, Panama","Alta Plaza Mall","12/05/2021","Mie","20","May","2021","7506","NONE","Comp"
"Alta Plaza Mall, Panama","Alta Plaza Mall","13/05/2021","Jue","20","May","2021","8263","NONE","Comp"
"Alta Plaza Mall, Panama","Alta Plaza Mall","14/05/2021","Vie","20","May","2021","10040","NONE","Comp"
"Alta Plaza Mall, Panama","Alta Plaza Mall","15/05/2021","Sáb","20","May","2021","15134","NONE","Comp"
"Alta Plaza Mall, Panama","Alta Plaza Mall","16/05/2021","Dom","21","May","2021","14436","NONE","Comp"
"Alta Plaza Mall, Panama","Alta Plaza Mall","17/05/2021","Lun","21","May","2021","7650","NONE","Comp"
"Alta Plaza Mall, Panama","Alta Plaza Mall","18/05/2021","Mar","21","May","2021","8164","NONE","Comp"
"Alta Plaza Mall, Panama","Alta Plaza Mall","19/05/2021","Mie","21","May","2021","7905","NONE","Comp"
"Alta Plaza Mall, Panama","Alta Plaza Mall","20/05/2021","Jue","21","May","2021","8238","NONE","Comp"
"Alta Plaza Mall, Panama","Alta Plaza Mall","21/05/2021","Vie","21","May","2021","9233","NONE","Comp"
"Alta Plaza Mall, Panama","Alta Plaza Mall","22/05/2021","Sáb","21","May","2021","13242","NONE","Comp"
"Alta Plaza Mall, Panama","Alta Plaza Mall","23/05/2021","Dom","22","May","2021","12412","NONE","Comp"
"Alta Plaza Mall, Panama","Alta Plaza Mall","24/05/2021","Lun","22","May","2021","7202","NONE","Comp"
"Alta Plaza Mall, Panama","Alta Plaza Mall","25/05/2021","Mar","22","May","2021","7340","NONE","Comp"
"Alta Plaza Mall, Panama","Alta Plaza Mall","26/05/2021","Mie","22","May","2021","6727","NONE","Comp"
"Alta Plaza Mall, Panama","Alta Plaza Mall","27/05/2021","Jue","22","May","2021","7217","NONE","Comp"
"Alta Plaza Mall, Panama","Alta Plaza Mall","28/05/2021","Vie","22","May","2021","9848","NONE","Comp"
"Alta Plaza Mall, Panama","Alta Plaza Mall","29/05/2021","Sáb","22","May","2021","16360","NONE","Comp"
"Alta Plaza Mall, Panama","Alta Plaza Mall","30/05/2021","Dom","23","May","2021","15726","NONE","Comp"
"Alta Plaza Mall, Panama","Alta Plaza Mall","31/05/2021","Lun","23","May","2021","8360","NONE","Comp"
"Alta Plaza Mall, Panama","Alta Plaza Mall","01/06/2021","Mar","23","Jun","2021","7780","NONE","Comp"
"Alta Plaza Mall, Panama","Alta Plaza Mall","02/06/2021","Mie","23","Jun","2021","8230","NONE","Comp"
"Alta Plaza Mall, Panama","Alta Plaza Mall","03/06/2021","Jue","23","Jun","2021","9094","NONE","Comp"
"Alta Plaza Mall, Panama","Alta Plaza Mall","04/06/2021","Vie","23","Jun","2021","11355","NONE","Comp"
"Alta Plaza Mall, Panama","Alta Plaza Mall","05/06/2021","Sáb","23","Jun","2021","15400","NONE","Comp"
"Alta Plaza Mall, Panama","Alta Plaza Mall","06/06/2021","Dom","24","Jun","2021","15380","NONE","Comp"
"Alta Plaza Mall, Panama","Alta Plaza Mall","07/06/2021","Lun","24","Jun","2021","8283","NONE","Comp"
"Alta Plaza Mall, Panama","Alta Plaza Mall","08/06/2021","Mar","24","Jun","2021","9390","NONE","Comp"
"Alta Plaza Mall, Panama","Alta Plaza Mall","09/06/2021","Mie","24","Jun","2021","10348","NONE","Comp"
"Alta Plaza Mall, Panama","Alta Plaza Mall","10/06/2021","Jue","24","Jun","2021","9759","NONE","Comp"
"Alta Plaza Mall, Panama","Alta Plaza Mall","11/06/2021","Vie","24","Jun","2021","11963","NONE","Comp"
"Alta Plaza Mall, Panama","Alta Plaza Mall","12/06/2021","Sáb","24","Jun","2021","15110","NONE","Comp"
"Alta Plaza Mall, Panama","Alta Plaza Mall","13/06/2021","Dom","25","Jun","2021","15231","NONE","Comp"
"Alta Plaza Mall, Panama","Alta Plaza Mall","14/06/2021","Lun","25","Jun","2021","7707","NONE","Comp"
"Alta Plaza Mall, Panama","Alta Plaza Mall","15/06/2021","Mar","25","Jun","2021","8525","NONE","Comp"
"Alta Plaza Mall, Panama","Alta Plaza Mall","16/06/2021","Mie","25","Jun","2021","9527","NONE","Comp"
"Alta Plaza Mall, Panama","Alta Plaza Mall","17/06/2021","Jue","25","Jun","2021","9038","NONE","Comp"
"Alta Plaza Mall, Panama","Alta Plaza Mall","18/06/2021","Vie","25","Jun","2021","11825","NONE","Comp"
"Alta Plaza Mall, Panama","Alta Plaza Mall","19/06/2021","Sáb","25","Jun","2021","18200","NONE","Comp"
"Alta Plaza Mall, Panama","Alta Plaza Mall","20/06/2021","Dom","26","Jun","2021","14053","NONE","Comp"
"Alta Plaza Mall, Panama","Alta Plaza Mall","21/06/2021","Lun","26","Jun","2021","7084","NONE","Comp"
"Alta Plaza Mall, Panama","Alta Plaza Mall","22/06/2021","Mar","26","Jun","2021","7949","NONE","Comp"
"Alta Plaza Mall, Panama","Alta Plaza Mall","23/06/2021","Mie","26","Jun","2021","7886","NONE","Comp"
"Alta Plaza Mall, Panama","Alta Plaza Mall","24/06/2021","Jue","26","Jun","2021","8639","NONE","Comp"
"Alta Plaza Mall, Panama","Alta Plaza Mall","25/06/2021","Vie","26","Jun","2021","10365","NONE","Comp"
"Alta Plaza Mall, Panama","Alta Plaza Mall","26/06/2021","Sáb","26","Jun","2021","16983","NONE","Comp"
"Alta Plaza Mall, Panama","Alta Plaza Mall","27/06/2021","Dom","27","Jun","2021","14850","NONE","Comp"
"Alta Plaza Mall, Panama","Alta Plaza Mall","28/06/2021","Lun","27","Jun","2021","7719","NONE","Comp"
"Alta Plaza Mall, Panama","Alta Plaza Mall","29/06/2021","Mar","27","Jun","2021","8164","NONE","Comp"
"Alta Plaza Mall, Panama","Alta Plaza Mall","30/06/2021","Mie","27","Jun","2021","9183","NONE","Comp"
"Alta Plaza Mall, Panama","Alta Plaza Mall","01/07/2021","Jue","27","Jul","2021","8950","NONE","Comp"
"Alta Plaza Mall, Panama","Alta Plaza Mall","02/07/2021","Vie","27","Jul","2021","9812","NONE","Comp"
"Alta Plaza Mall, Panama","Alta Plaza Mall","03/07/2021","Sáb","27","Jul","2021","15068","NONE","Comp"
"Alta Plaza Mall, Panama","Alta Plaza Mall","04/07/2021","Dom","28","Jul","2021","14837","NONE","Comp"
"Alta Plaza Mall, Panama","Alta Plaza Mall","05/07/2021","Lun","28","Jul","2021","7539","NONE","Comp"
"Alta Plaza Mall, Panama","Alta Plaza Mall","06/07/2021","Mar","28","Jul","2021","7962","NONE","Comp"
"Alta Plaza Mall, Panama","Alta Plaza Mall","07/07/2021","Mie","28","Jul","2021","8078","NONE","Comp"
"Alta Plaza Mall, Panama","Alta Plaza Mall","08/07/2021","Jue","28","Jul","2021","8599","NONE","Comp"
"Alta Plaza Mall, Panama","Alta Plaza Mall","09/07/2021","Vie","28","Jul","2021","9779","NONE","Comp"
"Alta Plaza Mall, Panama","Alta Plaza Mall","10/07/2021","Sáb","28","Jul","2021","15170","NONE","Comp"
"Alta Plaza Mall, Panama","Alta Plaza Mall","11/07/2021","Dom","29","Jul","2021","14157","NONE","Comp"
"Alta Plaza Mall, Panama","Alta Plaza Mall","12/07/2021","Lun","29","Jul","2021","7525","NONE","Comp"
"Alta Plaza Mall, Panama","Alta Plaza Mall","13/07/2021","Mar","29","Jul","2021","7917","NONE","Comp"
"Alta Plaza Mall, Panama","Alta Plaza Mall","14/07/2021","Mie","29","Jul","2021","8854","NONE","Comp"
"Alta Plaza Mall, Panama","Alta Plaza Mall","15/07/2021","Jue","29","Jul","2021","9195","NONE","Comp"
"Alta Plaza Mall, Panama","Alta Plaza Mall","16/07/2021","Vie","29","Jul","2021","10550","NONE","Comp"
"Alta Plaza Mall, Panama","Alta Plaza Mall","17/07/2021","Sáb","29","Jul","2021","16411","NONE","Comp"
"Alta Plaza Mall, Panama","Alta Plaza Mall","18/07/2021","Dom","30","Jul","2021","21401","NONE","Comp"
"Alta Plaza Mall, Panama","Alta Plaza Mall","19/07/2021","Lun","30","Jul","2021","8136","NONE","Comp"
"Alta Plaza Mall, Panama","Alta Plaza Mall","20/07/2021","Mar","30","Jul","2021","8155","NONE","Comp"
"Alta Plaza Mall, Panama","Alta Plaza Mall","21/07/2021","Mie","30","Jul","2021","7998","NONE","Comp"
"Alta Plaza Mall, Panama","Alta Plaza Mall","22/07/2021","Jue","30","Jul","2021","7985","NONE","Comp"
"Alta Plaza Mall, Panama","Alta Plaza Mall","23/07/2021","Vie","30","Jul","2021","9266","NONE","Comp"
"Alta Plaza Mall, Panama","Alta Plaza Mall","24/07/2021","Sáb","30","Jul","2021","14853","NONE","Comp"
"Alta Plaza Mall, Panama","Alta Plaza Mall","25/07/2021","Dom","31","Jul","2021","13755","NONE","Comp"
"Alta Plaza Mall, Panama","Alta Plaza Mall","26/07/2021","Lun","31","Jul","2021","7612","NONE","Comp"
"Alta Plaza Mall, Panama","Alta Plaza Mall","27/07/2021","Mar","31","Jul","2021","8157","NONE","Comp"
"Alta Plaza Mall, Panama","Alta Plaza Mall","28/07/2021","Mie","31","Jul","2021","8475","NONE","Comp"
"Alta Plaza Mall, Panama","Alta Plaza Mall","29/07/2021","Jue","31","Jul","2021","8743","NONE","Comp"
"Alta Plaza Mall, Panama","Alta Plaza Mall","30/07/2021","Vie","31","Jul","2021","11158","NONE","Comp"
"Alta Plaza Mall, Panama","Alta Plaza Mall","31/07/2021","Sáb","31","Jul","2021","17062","NONE","Comp"
"Alta Plaza Mall, Panama","Alta Plaza Mall","01/08/2021","Dom","32","Aug","2021","15381","NONE","Comp"
"Alta Plaza Mall, Panama","Alta Plaza Mall","02/08/2021","Lun","32","Aug","2021","8145","NONE","Comp"
"Alta Plaza Mall, Panama","Alta Plaza Mall","03/08/2021","Mar","32","Aug","2021","7974","NONE","Comp"
"Alta Plaza Mall, Panama","Alta Plaza Mall","04/08/2021","Mie","32","Aug","2021","8289","NONE","Comp"
"Alta Plaza Mall, Panama","Alta Plaza Mall","05/08/2021","Jue","32","Aug","2021","8788","NONE","Comp"
"Alta Plaza Mall, Panama","Alta Plaza Mall","06/08/2021","Vie","32","Aug","2021","10679","NONE","Comp"
"Alta Plaza Mall, Panama","Alta Plaza Mall","07/08/2021","Sáb","32","Aug","2021","16058","NONE","Comp"
"Alta Plaza Mall, Panama","Alta Plaza Mall","08/08/2021","Dom","33","Aug","2021","14233","NONE","Comp"
"Alta Plaza Mall, Panama","Alta Plaza Mall","09/08/2021","Lun","33","Aug","2021","7808","NONE","Comp"
"Alta Plaza Mall, Panama","Alta Plaza Mall","10/08/2021","Mar","33","Aug","2021","8555","NONE","Comp"
"Alta Plaza Mall, Panama","Alta Plaza Mall","11/08/2021","Mie","33","Aug","2021","9175","NONE","Comp"
"Alta Plaza Mall, Panama","Alta Plaza Mall","12/08/2021","Jue","33","Aug","2021","8551","NONE","Comp"
"Alta Plaza Mall, Panama","Alta Plaza Mall","13/08/2021","Vie","33","Aug","2021","11448","NONE","Comp"
"Alta Plaza Mall, Panama","Alta Plaza Mall","14/08/2021","Sáb","33","Aug","2021","18035","NONE","Comp"
"Alta Plaza Mall, Panama","Alta Plaza Mall","15/08/2021","Dom","34","Aug","2021","17260","NONE","Comp"
"Alta Plaza Mall, Panama","Alta Plaza Mall","16/08/2021","Lun","34","Aug","2021","8428","NONE","Comp"
"Alta Plaza Mall, Panama","Alta Plaza Mall","17/08/2021","Mar","34","Aug","2021","8648","NONE","Comp"
"Alta Plaza Mall, Panama","Alta Plaza Mall","18/08/2021","Mie","34","Aug","2021","8628","NONE","Comp"
"Alta Plaza Mall, Panama","Alta Plaza Mall","19/08/2021","Jue","34","Aug","2021","8233","NONE","Comp"
"Alta Plaza Mall, Panama","Alta Plaza Mall","20/08/2021","Vie","34","Aug","2021","9858","NONE","Comp"
"Alta Plaza Mall, Panama","Alta Plaza Mall","21/08/2021","Sáb","34","Aug","2021","15676","NONE","Comp"
"Alta Plaza Mall, Panama","Alta Plaza Mall","22/08/2021","Dom","35","Aug","2021","15303","NONE","Comp"
"Alta Plaza Mall, Panama","Alta Plaza Mall","23/08/2021","Lun","35","Aug","2021","7373","NONE","Comp"
"Alta Plaza Mall, Panama","Alta Plaza Mall","24/08/2021","Mar","35","Aug","2021","7088","NONE","Comp"
"Alta Plaza Mall, Panama","Alta Plaza Mall","25/08/2021","Mie","35","Aug","2021","7554","NONE","Comp"
"Alta Plaza Mall, Panama","Alta Plaza Mall","26/08/2021","Jue","35","Aug","2021","7009","NONE","Comp"
"Alta Plaza Mall, Panama","Alta Plaza Mall","27/08/2021","Vie","35","Aug","2021","8894","NONE","Comp"
"Alta Plaza Mall, Panama","Alta Plaza Mall","28/08/2021","Sáb","35","Aug","2021","14561","NONE","Comp"
"Alta Plaza Mall, Panama","Alta Plaza Mall","29/08/2021","Dom","36","Aug","2021","12931","NONE","Comp"
"Alta Plaza Mall, Panama","Alta Plaza Mall","30/08/2021","Lun","36","Aug","2021","6980","NONE","Comp"
"Alta Plaza Mall, Panama","Alta Plaza Mall","31/08/2021","Mar","36","Aug","2021","7839","NONE","Comp"
"Alta Plaza Mall, Panama","Alta Plaza Mall","01/09/2021","Mie","36","Sep","2021","7958","NONE","Comp"
"Alta Plaza Mall, Panama","Alta Plaza Mall","02/09/2021","Jue","36","Sep","2021","8113","NONE","Comp"
"Alta Plaza Mall, Panama","Alta Plaza Mall","03/09/2021","Vie","36","Sep","2021","10586","NONE","Comp"
"Alta Plaza Mall, Panama","Alta Plaza Mall","04/09/2021","Sáb","36","Sep","2021","16084","NONE","Comp"
"Alta Plaza Mall, Panama","Alta Plaza Mall","05/09/2021","Dom","37","Sep","2021","13789","NONE","Comp"
"Alta Plaza Mall, Panama","Alta Plaza Mall","06/09/2021","Lun","37","Sep","2021","8387","NONE","Comp"
"Alta Plaza Mall, Panama","Alta Plaza Mall","07/09/2021","Mar","37","Sep","2021","9134","NONE","Comp"
"Alta Plaza Mall, Panama","Alta Plaza Mall","08/09/2021","Mie","37","Sep","2021","8824","NONE","Comp"
"Alta Plaza Mall, Panama","Alta Plaza Mall","09/09/2021","Jue","37","Sep","2021","10174","NONE","Comp"
"Alta Plaza Mall, Panama","Alta Plaza Mall","10/09/2021","Vie","37","Sep","2021","11182","NONE","Comp"
"Alta Plaza Mall, Panama","Alta Plaza Mall","11/09/2021","Sáb","37","Sep","2021","16278","NONE","Comp"
"Alta Plaza Mall, Panama","Alta Plaza Mall","12/09/2021","Dom","38","Sep","2021","15356","NONE","Comp"
"Alta Plaza Mall, Panama","Alta Plaza Mall","13/09/2021","Lun","38","Sep","2021","7452","NONE","Comp"
"Alta Plaza Mall, Panama","Alta Plaza Mall","14/09/2021","Mar","38","Sep","2021","8060","NONE","Comp"
"Alta Plaza Mall, Panama","Alta Plaza Mall","15/09/2021","Mie","38","Sep","2021","8634","NONE","Comp"
"Alta Plaza Mall, Panama","Alta Plaza Mall","16/09/2021","Jue","38","Sep","2021","8810","NONE","Comp"
"Alta Plaza Mall, Panama","Alta Plaza Mall","17/09/2021","Vie","38","Sep","2021","10177","NONE","Comp"
"Alta Plaza Mall, Panama","Alta Plaza Mall","18/09/2021","Sáb","38","Sep","2021","16031","NONE","Comp"
"Alta Plaza Mall, Panama","Alta Plaza Mall","19/09/2021","Dom","39","Sep","2021","12628","NONE","Comp"
"Alta Plaza Mall, Panama","Alta Plaza Mall","20/09/2021","Lun","39","Sep","2021","7491","NONE","Comp"
"Alta Plaza Mall, Panama","Alta Plaza Mall","21/09/2021","Mar","39","Sep","2021","7229","NONE","Comp"
"Alta Plaza Mall, Panama","Alta Plaza Mall","22/09/2021","Mie","39","Sep","2021","7871","NONE","Comp"
"Alta Plaza Mall, Panama","Alta Plaza Mall","23/09/2021","Jue","39","Sep","2021","7913","NONE","Comp"
"Alta Plaza Mall, Panama","Alta Plaza Mall","24/09/2021","Vie","39","Sep","2021","9360","NONE","Comp"
"Alta Plaza Mall, Panama","Alta Plaza Mall","25/09/2021","Sáb","39","Sep","2021","14944","NONE","Comp"
"Alta Plaza Mall, Panama","Alta Plaza Mall","26/09/2021","Dom","40","Sep","2021","13444","NONE","Comp"
"Alta Plaza Mall, Panama","Alta Plaza Mall","27/09/2021","Lun","40","Sep","2021","6963","NONE","Comp"
"Alta Plaza Mall, Panama","Alta Plaza Mall","28/09/2021","Mar","40","Sep","2021","7439","NONE","Comp"
"Alta Plaza Mall, Panama","Alta Plaza Mall","29/09/2021","Mie","40","Sep","2021","8376","NONE","Comp"
"Alta Plaza Mall, Panama","Alta Plaza Mall","30/09/2021","Jue","40","Sep","2021","9210","NONE","Comp"
"Alta Plaza Mall, Panama","Alta Plaza Mall","01/10/2021","Vie","40","Oct","2021","10470","NONE","Comp"
"Alta Plaza Mall, Panama","Alta Plaza Mall","02/10/2021","Sáb","40","Oct","2021","17309","NONE","Comp"
"Alta Plaza Mall, Panama","Alta Plaza Mall","03/10/2021","Dom","41","Oct","2021","15268","NONE","Comp"
"Alta Plaza Mall, Panama","Alta Plaza Mall","04/10/2021","Lun","41","Oct","2021","8056","NONE","Comp"
"Alta Plaza Mall, Panama","Alta Plaza Mall","05/10/2021","Mar","41","Oct","2021","8513","NONE","Comp"
"Alta Plaza Mall, Panama","Alta Plaza Mall","06/10/2021","Mie","41","Oct","2021","9025","NONE","Comp"
"Alta Plaza Mall, Panama","Alta Plaza Mall","07/10/2021","Jue","41","Oct","2021","8543","NONE","Comp"
"Alta Plaza Mall, Panama","Alta Plaza Mall","08/10/2021","Vie","41","Oct","2021","10688","NONE","Comp"
"Alta Plaza Mall, Panama","Alta Plaza Mall","09/10/2021","Sáb","41","Oct","2021","17563","NONE","Comp"
"Alta Plaza Mall, Panama","Alta Plaza Mall","10/10/2021","Dom","42","Oct","2021","15211","NONE","Comp"
"Alta Plaza Mall, Panama","Alta Plaza Mall","11/10/2021","Lun","42","Oct","2021","7859","NONE","Comp"
"Alta Plaza Mall, Panama","Alta Plaza Mall","12/10/2021","Mar","42","Oct","2021","8304","NONE","Comp"
"Alta Plaza Mall, Panama","Alta Plaza Mall","13/10/2021","Mie","42","Oct","2021","8555","NONE","Comp"
"Alta Plaza Mall, Panama","Alta Plaza Mall","14/10/2021","Jue","42","Oct","2021","9330","NONE","Comp"
"Alta Plaza Mall, Panama","Alta Plaza Mall","15/10/2021","Vie","42","Oct","2021","12618","NONE","Comp"
"Alta Plaza Mall, Panama","Alta Plaza Mall","16/10/2021","Sáb","42","Oct","2021","20311","NONE","Comp"
"Alta Plaza Mall, Panama","Alta Plaza Mall","17/10/2021","Dom","43","Oct","2021","19285","NONE","Comp"
"Alta Plaza Mall, Panama","Alta Plaza Mall","18/10/2021","Lun","43","Oct","2021","7959","NONE","Comp"
"Alta Plaza Mall, Panama","Alta Plaza Mall","19/10/2021","Mar","43","Oct","2021","8999","NONE","Comp"
"Alta Plaza Mall, Panama","Alta Plaza Mall","20/10/2021","Mie","43","Oct","2021","10035","NONE","Comp"
"Alta Plaza Mall, Panama","Alta Plaza Mall","21/10/2021","Jue","43","Oct","2021","9709","NONE","Comp"
"Alta Plaza Mall, Panama","Alta Plaza Mall","22/10/2021","Vie","43","Oct","2021","11915","NONE","Comp"
"Alta Plaza Mall, Panama","Alta Plaza Mall","23/10/2021","Sáb","43","Oct","2021","18010","NONE","Comp"
"Alta Plaza Mall, Panama","Alta Plaza Mall","24/10/2021","Dom","44","Oct","2021","16518","NONE","Comp"
"Alta Plaza Mall, Panama","Alta Plaza Mall","25/10/2021","Lun","44","Oct","2021","7919","NONE","Comp"
"Alta Plaza Mall, Panama","Alta Plaza Mall","26/10/2021","Mar","44","Oct","2021","8243","NONE","Comp"
"Alta Plaza Mall, Panama","Alta Plaza Mall","27/10/2021","Mie","44","Oct","2021","9386","NONE","Comp"
"Alta Plaza Mall, Panama","Alta Plaza Mall","28/10/2021","Jue","44","Oct","2021","9576","NONE","Comp"
"Alta Plaza Mall, Panama","Alta Plaza Mall","29/10/2021","Vie","44","Oct","2021","11373","NONE","Comp"
"Alta Plaza Mall, Panama","Alta Plaza Mall","30/10/2021","Sáb","44","Oct","2021","17851","NONE","Comp"
"Alta Plaza Mall, Panama","Alta Plaza Mall","31/10/2021","Dom","45","Oct","2021","19404","NONE","Comp"
"Alta Plaza Mall, Panama","Alta Plaza Mall","01/11/2021","Lun","45","Nov","2021","9286","NONE","Comp"
"Alta Plaza Mall, Panama","Alta Plaza Mall","02/11/2021","Mar","45","Nov","2021","10710","NONE","Comp"
"Alta Plaza Mall, Panama","Alta Plaza Mall","03/11/2021","Mie","45","Nov","2021","11291","NONE","Comp"
"Alta Plaza Mall, Panama","Alta Plaza Mall","04/11/2021","Jue","45","Nov","2021","12417","NONE","Comp"
"Alta Plaza Mall, Panama","Alta Plaza Mall","05/11/2021","Vie","45","Nov","2021","12265","NONE","Comp"
"Alta Plaza Mall, Panama","Alta Plaza Mall","06/11/2021","Sáb","45","Nov","2021","13579","NONE","Comp"
"Alta Plaza Mall, Panama","Alta Plaza Mall","07/11/2021","Dom","46","Nov","2021","13775","NONE","Comp"
"Alta Plaza Mall, Panama","Alta Plaza Mall","08/11/2021","Lun","46","Nov","2021","7656","NONE","Comp"
"Alta Plaza Mall, Panama","Alta Plaza Mall","09/11/2021","Mar","46","Nov","2021","9146","NONE","Comp"
"Alta Plaza Mall, Panama","Alta Plaza Mall","10/11/2021","Mie","46","Nov","2021","15432","NONE","Comp"
"Alta Plaza Mall, Panama","Alta Plaza Mall","11/11/2021","Jue","46","Nov","2021","8874","NONE","Comp"
"Alta Plaza Mall, Panama","Alta Plaza Mall","12/11/2021","Vie","46","Nov","2021","10289","NONE","Comp"
"Alta Plaza Mall, Panama","Alta Plaza Mall","13/11/2021","Sáb","46","Nov","2021","17310","NONE","Comp"
"Alta Plaza Mall, Panama","Alta Plaza Mall","14/11/2021","Dom","47","Nov","2021","16100","NONE","Comp"
"Alta Plaza Mall, Panama","Alta Plaza Mall","15/11/2021","Lun","47","Nov","2021","8974","NONE","Comp"
"Alta Plaza Mall, Panama","Alta Plaza Mall","16/11/2021","Mar","47","Nov","2021","7934","NONE","Comp"
"Alta Plaza Mall, Panama","Alta Plaza Mall","17/11/2021","Mie","47","Nov","2021","9618","NONE","Comp"
"Alta Plaza Mall, Panama","Alta Plaza Mall","18/11/2021","Jue","47","Nov","2021","9983","NONE","Comp"
"Alta Plaza Mall, Panama","Alta Plaza Mall","19/11/2021","Vie","47","Nov","2021","15005","NONE","Comp"
"Alta Plaza Mall, Panama","Alta Plaza Mall","20/11/2021","Sáb","47","Nov","2021","18682","NONE","Comp"
"Alta Plaza Mall, Panama","Alta Plaza Mall","21/11/2021","Dom","48","Nov","2021","18178","NONE","Comp"
"Alta Plaza Mall, Panama","Alta Plaza Mall","22/11/2021","Lun","48","Nov","2021","8823","NONE","Comp"
"Alta Plaza Mall, Panama","Alta Plaza Mall","23/11/2021","Mar","48","Nov","2021","9340","NONE","Comp"
"Alta Plaza Mall, Panama","Alta Plaza Mall","24/11/2021","Mie","48","Nov","2021","10850","NONE","Comp"
"Alta Plaza Mall, Panama","Alta Plaza Mall","25/11/2021","Jue","48","Nov","2021","10424","NONE","Comp"
"Alta Plaza Mall, Panama","Alta Plaza Mall","26/11/2021","Vie","48","Nov","2021","12900","NONE","Comp"
"Alta Plaza Mall, Panama","Alta Plaza Mall","27/11/2021","Sáb","48","Nov","2021","19948","NONE","Comp"
"Alta Plaza Mall, Panama","Alta Plaza Mall","28/11/2021","Dom","49","Nov","2021","18144","NONE","Comp"
"Alta Plaza Mall, Panama","Alta Plaza Mall","29/11/2021","Lun","49","Nov","2021","15684","NONE","Comp"
"Alta Plaza Mall, Panama","Alta Plaza Mall","30/11/2021","Mar","49","Nov","2021","9540","NONE","Comp"
"Alta Plaza Mall, Panama","Alta Plaza Mall","01/12/2021","Mie","49","Dec","2021","11191","NONE","Comp"
"Alta Plaza Mall, Panama","Alta Plaza Mall","02/12/2021","Jue","49","Dec","2021","10800","NONE","Comp"
"Alta Plaza Mall, Panama","Alta Plaza Mall","03/12/2021","Vie","49","Dec","2021","13984","NONE","Comp"
"Alta Plaza Mall, Panama","Alta Plaza Mall","04/12/2021","Sáb","49","Dec","2021","19315","NONE","Comp"
"Alta Plaza Mall, Panama","Alta Plaza Mall","05/12/2021","Dom","50","Dec","2021","19954","NONE","Comp"
"Alta Plaza Mall, Panama","Alta Plaza Mall","06/12/2021","Lun","50","Dec","2021","12109","NONE","Comp"
"Alta Plaza Mall, Panama","Alta Plaza Mall","07/12/2021","Mar","50","Dec","2021","15864","NONE","Comp"
"Alta Plaza Mall, Panama","Alta Plaza Mall","08/12/2021","Mie","50","Dec","2021","17137","NONE","Comp"
"Alta Plaza Mall, Panama","Alta Plaza Mall","09/12/2021","Jue","50","Dec","2021","11186","NONE","Comp"
"Alta Plaza Mall, Panama","Alta Plaza Mall","10/12/2021","Vie","50","Dec","2021","13830","NONE","Comp"
"Alta Plaza Mall, Panama","Alta Plaza Mall","11/12/2021","Sáb","50","Dec","2021","20043","NONE","Comp"
"Alta Plaza Mall, Panama","Alta Plaza Mall","12/12/2021","Dom","51","Dec","2021","19319","NONE","Comp"
"Alta Plaza Mall, Panama","Alta Plaza Mall","13/12/2021","Lun","51","Dec","2021","12279","NONE","Comp"
"Alta Plaza Mall, Panama","Alta Plaza Mall","14/12/2021","Mar","51","Dec","2021","14251","NONE","Comp"
"Alta Plaza Mall, Panama","Alta Plaza Mall","15/12/2021","Mie","51","Dec","2021","18003","NONE","Comp"
"Alta Plaza Mall, Panama","Alta Plaza Mall","16/12/2021","Jue","51","Dec","2021","19707","NONE","Comp"
"Alta Plaza Mall, Panama","Alta Plaza Mall","17/12/2021","Vie","51","Dec","2021","21150","NONE","Comp"
"Alta Plaza Mall, Panama","Alta Plaza Mall","18/12/2021","Sáb","51","Dec","2021","28800","NONE","Comp"
"Alta Plaza Mall, Panama","Alta Plaza Mall","19/12/2021","Dom","52","Dec","2021","28429","NONE","Comp"
"Alta Plaza Mall, Panama","Alta Plaza Mall","20/12/2021","Lun","52","Dec","2021","19463","NONE","Comp"
"Alta Plaza Mall, Panama","Alta Plaza Mall","21/12/2021","Mar","52","Dec","2021","22891","NONE","Comp"
"Alta Plaza Mall, Panama","Alta Plaza Mall","22/12/2021","Mie","52","Dec","2021","26717","NONE","Comp"
"Alta Plaza Mall, Panama","Alta Plaza Mall","23/12/2021","Jue","52","Dec","2021","31803","NONE","Comp"
"Alta Plaza Mall, Panama","Alta Plaza Mall","24/12/2021","Vie","52","Dec","2021","23226","NONE","Comp"
"Alta Plaza Mall, Panama","Alta Plaza Mall","25/12/2021","Sáb","52","Dec","2021","7251","NONE","Comp"
"Alta Plaza Mall, Panama","Alta Plaza Mall","26/12/2021","Dom","1","Dec","2021","19589","NONE","Comp"
"Alta Plaza Mall, Panama","Alta Plaza Mall","27/12/2021","Lun","1","Dec","2021","15520","NONE","Comp"
"Alta Plaza Mall, Panama","Alta Plaza Mall","28/12/2021","Mar","1","Dec","2021","17194","NONE","Comp"
"Alta Plaza Mall, Panama","Alta Plaza Mall","29/12/2021","Mie","1","Dec","2021","18984","NONE","Comp"
"Alta Plaza Mall, Panama","Alta Plaza Mall","30/12/2021","Jue","1","Dec","2021","22107","NONE","Comp"
"Alta Plaza Mall, Panama","Alta Plaza Mall","31/12/2021","Vie","1","Dec","2021","17647","NONE","Comp"
